104.18.58.120|104.18.59.120|172.67.196.181|193.42.111.137;*.ebooi-casin0.com;;���;2-6-27/2016-11-01-7-��;2016-11-07
104.18.38.205|104.18.39.205|172.67.171.44|193.42.110.121;*.ebooi-casino.net;;���;2-6-27/2016-12-20-90-��;2016-12-20
193.42.110.121;*.ebooi-kasino.com;;���;2-6-27/2016-11-01-7-��;2016-11-07
193.42.110.121;*.ebooi-kazino.com;;���;2-6-27/2016-11-01-7-��;2016-11-07
212.8.244.21;*.ebooi.guru;;���;2-6-27/2016-11-01-7-��;2016-11-07
212.8.244.21;*.ebooi.online;;���;2-6-27/2016-11-01-7-��;2016-11-07
104.28.24.129|104.28.25.129;*.ec53180.icu;;���;2-6-27/2016-01-07-5-��;2016-02-05
193.42.110.121;*.zzzthronetest.com;;���;2-6-20/2017-02-20-38-��;2017-02-22
193.42.110.121;zzzthronetest2.com;;���;2-6-18/2020-10-15-543-��;2021-02-26
193.42.111.137;*.zzzthronetest1.com;;���;2-6-20/2017-02-20-38-��;2017-02-22
193.42.110.121;Athronetest3.com;;���;2-6-18/2020-10-15-543-��;2021-02-26
193.42.110.121;*.aaa.com;;���;2-6-18/2020-10-15-543-��;2021-02-26
193.42.110.121;aaa.com;;���;2-6-18/2020-10-15-543-��;2021-02-26
193.42.111.137;aaa.com;;���;2-6-20/2017-02-20-38-��;2017-02-22
193.42.111.137;*.aaa.com;;���;2-6-20/2017-02-20-38-��;2017-02-22
193.42.110.121;*.bla55bla.com;;���;2-6-20/2017-02-20-38-��;2017-02-22
193.42.110.121;thronetest1.com;;���;2-6-18/2020-10-15-543-��;2021-02-26
